,accuracy,f1_score,auc
0,0.49777777777777776,0.654434250764526,0.5116940581542352
10,0.5022222222222222,0.44,0.563527180783818
50,0.5777777777777777,0.5814977973568282,0.619390012642225
100,0.5688888888888889,0.5446009389671361,0.6365360303413401
