,accuracy,f1_score,auc
2,0.68,0.7,0.6950853350189633
3,0.7066666666666667,0.7053571428571429,0.77820796460177
5,0.7377777777777778,0.7467811158798283,0.8091024020227561
