,accuracy,f1_score,auc
1,0.6488888888888888,0.639269406392694,0.7304045512010114
2,0.6311111111111111,0.6028708133971292,0.7151548672566371
3,0.68,0.6949152542372882,0.7497629582806573
