,accuracy,f1,auc
4,0.48,0.48,0.49944637772856687
8,0.5155555555555555,0.47342995169082125,0.5430243593799431
16,0.5822222222222222,0.6384615384615384,0.5834387851945587
