,accuracy,f1,auc
3,0.5466666666666666,0.5446428571428571,0.5872350521986713
5,0.5288888888888889,0.5092592592592593,0.5444479595064853
9,0.5511111111111111,0.5213270142180095,0.5522777602024675
